Metric,Value
Excess_Return,0.9735777942971202
Sharpe_Improvement,-0.0027241918282373545
Drawdown_Reduction,0.031437400699854456
