Metric,Value
Sortino_Ratio,0.7643835035595617
Calmar_Ratio,inf
Max_Drawdown,-0.583331674524854
Max_Drawdown_Duration,4333.0
Up_Capture,1.0760516961287336
Down_Capture,1.07623584130984
Capture_Ratio,0.9998288988583744
